{"summary/gen_ms_per_token":7.848459082197223,"summary/perplexity":32044.40671632436,"train/aux_loss":-0.01220703125,"_timestamp":1.7649661462542946e+09,"summary/eval_nll":10.3748779296875,"summary/train_avg_loss":10.3748779296875,"_runtime":73,"eval_nll":10.3748779296875,"summary/tokens_per_sec":294798.215297215,"train/lm_loss":10.375,"perplexity":32044.40671632436,"avg_loss":10.3748779296875,"summary/train_avg_nll":0.001269223773141832,"train_aux_loss":-0.01220703125,"_step":1152,"summary/gen_tokens_per_sec":127.41354570712038,"_wandb":{"runtime":73},"train_time_sec":31.887302948976867,"train/loss":10.3748779296875,"avg_nll":0.001269223773141832,"tokens_per_sec":294798.215297215,"train_lm_loss":10.375,"eval_time_sec":0.2776107769459486,"train/tokens_seen":9400320,"train/epoch":4}