{"tokens_per_sec":226942.1175871263,"_wandb":{"runtime":10},"_runtime":10,"_step":5,"loss":10.5625,"_timestamp":1.7646389177495856e+09,"train_loss":10.465625,"train_time_sec":3.609731012955308}