{"train/epoch":2,"_timestamp":1.7649678522329154e+09,"train/lm_loss":7.3125,"_wandb":{"runtime":61},"_step":524,"train/loss":7.31275749206543,"train/tokens_seen":4288416,"_runtime":61,"train/aux_loss":0.025732040405273438}