{"train/tokens_seen":9400320,"train_time_sec":46.48079648602288,"eval_nll":0.050987737095771146,"eval_time_sec":0.4510295430663973,"_wandb":{"runtime":91},"_timestamp":1.7649652907538111e+09,"_step":1151,"_runtime":91,"train/loss":0.0133056640625,"tokens_per_sec":202240.9405748188,"avl_loss":0.4157780655570652,"train/epoch":4,"perplexity":1.052309988827469,"avg_nll":5.086473390167835e-05}