{"train/lm_loss":6.5625,"eval_nll":7.034412440968983,"summary/train_avg_loss":7.4265190734034,"tokens_per_sec":249227.34616318435,"perplexity":1135.0278203866517,"summary/gen_ms_per_token":9.087644816190732,"train_aux_loss":0.08401799201965332,"train/tokens_seen":9391140,"train_time_sec":37.681017531082034,"summary/gen_tokens_per_sec":110.0395119116429,"avg_loss":7.4265190734034,"avg_nll":0.0009094206810263621,"summary/tokens_per_sec":249227.34616318435,"train/epoch":4,"eval_time_sec":0.3154995939694345,"train/loss":6.563340187072754,"summary/perplexity":1135.0278203866517,"_step":1152,"train/aux_loss":0.08401799201965332,"train_lm_loss":6.5625,"_wandb":{"runtime":80},"_timestamp":1.7649679989850004e+09,"summary/eval_nll":7.034412440968983,"summary/train_avg_nll":0.0009094206810263621,"_runtime":80}