{"summary/tokens_per_sec":201766.87802788932,"_runtime":90,"perplexity":1.052298485385045,"avg_loss":0.41584446119225543,"avg_nll":5.087285649542715e-05,"summary/gen_ms_per_token":5.129352960921096,"_wandb":{"runtime":90},"_timestamp":1.7649655305259805e+09,"train_time_sec":46.59000571293291,"eval_nll":0.050976805425995024,"_step":1152,"eval_time_sec":0.3369343129452318,"summary/gen_tokens_per_sec":194.95636342803488,"train/epoch":4,"tokens_per_sec":201766.87802788932,"summary/perplexity":1.052298485385045,"summary/train_avg_nll":5.087285649542715e-05,"train/tokens_seen":9400320,"train/loss":0.0133056640625,"summary/train_avg_loss":0.41584446119225543,"summary/eval_nll":0.050976805425995024}