{"_runtime":72,"_timestamp":1.7649657921445103e+09,"avg_nll":0.001269223773141832,"train_aux_loss":-0.01220703125,"eval_nll":10.3748779296875,"train/lm_loss":10.375,"train/epoch":4,"train/tokens_seen":9400320,"train/loss":10.3748779296875,"_wandb":{"runtime":72},"tokens_per_sec":290163.0699529607,"train/aux_loss":-0.01220703125,"avg_loss":10.3748779296875,"_step":1151,"perplexity":32044.40671632436,"train_lm_loss":10.375,"eval_time_sec":0.32309793401509523,"train_time_sec":32.39667956891935}