{"_wandb":{"runtime":90},"train/epoch":4,"eval_nll":0.05087963502798507,"summary/train_avg_loss":0.4157373046875,"_runtime":90,"eval_time_sec":0.3366901100380346,"summary/eval_nll":0.05087963502798507,"summary/perplexity":1.0521962380901806,"_step":1152,"perplexity":1.0521962380901806,"summary/gen_ms_per_token":5.1179656247768435,"train_time_sec":46.57376957801171,"summary/gen_tokens_per_sec":195.39013610385524,"avg_nll":5.085974736930498e-05,"_timestamp":1.7649656782942233e+09,"train/tokens_seen":9400320,"summary/train_avg_nll":5.085974736930498e-05,"avg_loss":0.4157373046875,"summary/tokens_per_sec":201837.21620931572,"train/loss":0.01324462890625,"tokens_per_sec":201837.21620931572}